,EQM,DP
Ridge,3.647131798712638,5.048376441179815
Random Forest,1.4055875754570701,2.1836089820606333
MLP,4.461056515306606,6.438506205154173
